"park","Network","metric","mean","lower95","upper95"
"ALPO","ERMN","stock_final",10.4318181818182,4.85113636363636,16.1721590909091
"BLUE","ERMN","stock_final",18.98125,10.98609375,29.4840625
"DEWA","ERMN","stock_final",47.4575,33.2292191876751,64.8748347772277
"FONE","ERMN","stock_final",35.4,18.7815625,54.08375
"FRHI","ERMN","stock_final",14.55,7.5871875,23.025
"GARI","ERMN","stock_final",39.2916666666667,24.0347332317073,55.7694448383437
"JOFL","ERMN","stock_final",16.8333333333333,7.66614583333333,27.6265625
"NERI","ERMN","stock_final",34.5808823529412,26.6204044117647,44.1307598039216
"APCO","MIDN","stock_final",54.8601417520351,34.1783658348681,77.6564726077214
"BOWA","MIDN","stock_final",66.0086363045734,21.8340353724886,132.99739853703
"COLO","NCBN","stock_final",26.1689757125801,10.9778320564422,45.3330774792726
"FRSP","MIDN","stock_final",31.1987814285923,23.4362440996379,40.7363418119488
"GETT","MIDN","stock_final",88.7328602082545,48.7186653954027,130.368985448349
"GEWA","NCBN","stock_final",11.8298225312815,2.87652077344315,27.3769590644184
"HOFU","MIDN","stock_final",51.4826597667887,10.6809774551352,114.844095749022
"PETE","MIDN","stock_final",35.2103827930091,23.0035672911611,49.0326578066444
"RICH","MIDN","stock_final",29.7108387916173,16.1583887905336,47.3259473955507
"SAHI","NCBN","stock_final",10.2687962205506,2.09439510239319,20.8189318610282
"THST","NCBN","stock_final",8.52802013560028,1.31549446271222,18.894936720088
"VAFO","MIDN","stock_final",4.60577210907875,2.51030243721392,7.03690599601463
"ANTI","NCRN","stock_final",20.1059593289266,7.58635371745237,35.7012436445644
"CATO","NCRN","stock_final",3.03902291938279,2.00498807458471,4.32878933057596
"CHOH","NCRN","stock_final",4.56475373828179,2.77797369495019,6.80839761838848
"GWMP","NCRN","stock_final",13.2454932286097,2.47523727407534,31.2875772329216
"HAFE","NCRN","stock_final",3.16894869856888,1.00245828616666,5.60095110487455
"MANA","NCRN","stock_final",11.5697472639643,2.60087197250467,26.9475673350601
"MONO","NCRN","stock_final",41.086668123832,3.07029468801973,114.114529716089
"NACE","NCRN","stock_final",27.0774995256338,11.7064052728679,48.4479687960721
"PRWI","NCRN","stock_final",38.9640796833687,24.9575363401544,58.246835786047
"ROCR","NCRN","stock_final",27.2345643702642,15.3539065615849,39.3701857236248
"WOTR","NCRN","stock_final",29.2121319487317,2.79252680319093,62.1285353909075
"ACAD","NETN","stock_final",61.3768939393939,50.6793560606061,73.4975378787879
"MABI","NETN","stock_final",62.25,32.4284722222223,98.4954861111112
"MIMA","NETN","stock_final",16.55,9.43125,25.5025
"MORR","NETN","stock_final",45.9166666666667,6.02321428571428,137.28125
"ROVA","NETN","stock_final",17.7333333333333,11.13125,25.3835416666667
"SAGA","NETN","stock_final",25.968253968254,13.3960317460317,42.3972222222222
"SARA","NETN","stock_final",17.2083333333333,2.92682291666667,43.6184895833334
"WEFA","NETN","stock_final",6.90000000000001,3.2325,10.9333333333333
"ALPO","ERMN","Sap_Dens_Total",0.0678021262746799,0.0361385333044044,0.108483402039488
"BLUE","ERMN","Sap_Dens_Total",0.0601630867143994,0.0417661097852029,0.0835322195704057
"DEWA","ERMN","Sap_Dens_Total",0.0654335719968178,0.0456597137661748,0.087832051403231
"FONE","ERMN","Sap_Dens_Total",0.0596658711217184,0.0298329355608592,0.0934765314240254
"FRHI","ERMN","Sap_Dens_Total",0.0447494033412888,0.0208830548926014,0.0755767700875099
"GARI","ERMN","Sap_Dens_Total",0.118384664924044,0.0846334722673736,0.157732423786706
"JOFL","ERMN","Sap_Dens_Total",0.0662954123574649,0.0381198621055423,0.0977857332272607
"NERI","ERMN","Sap_Dens_Total",0.0914486717519148,0.0779897281108148,0.105882547927683
"APCO","MIDN","Sap_Dens_Total",0.185709232401839,0.134333889197702,0.240885087674971
"BOWA","MIDN","Sap_Dens_Total",0.154757693668199,0.12085838934088,0.184235349604999
"COLO","NCBN","Sap_Dens_Total",0.117659750079652,0.0867877853374376,0.149025230364745
"FRSP","MIDN","Sap_Dens_Total",0.110314458563486,0.0968142590224303,0.12392236492431
"GETT","MIDN","Sap_Dens_Total",0.176865935620799,0.123618569851325,0.236571587827336
"GEWA","NCBN","Sap_Dens_Total",0.0722202570451598,0.0397948355146799,0.11496285815352
"HOFU","MIDN","Sap_Dens_Total",0.0257929489446999,0.01326494517156,0.0397948355146799
"PETE","MIDN","Sap_Dens_Total",0.113602350956437,0.0902413086265226,0.138108486843895
"RICH","MIDN","Sap_Dens_Total",0.13743957080533,0.10390873717722,0.17097961620092
"SAHI","NCBN","Sap_Dens_Total",0.0412687183115198,0.0206343591557599,0.0560075462799198
"THST","NCBN","Sap_Dens_Total",0.0663247258577997,0.0368470699209999,0.104645678575639
"VAFO","MIDN","Sap_Dens_Total",0.0328465309010056,0.0185288123031314,0.0534914177910287
"ANTI","NCRN","Sap_Dens_Total",0.107026566170535,0.057141302277489,0.184121974005242
"CATO","NCRN","Sap_Dens_Total",0.021175785489293,0.0146786694868963,0.0279135354177044
"CHOH","NCRN","Sap_Dens_Total",0.103604134732539,0.0789175804740007,0.130016114451912
"GWMP","NCRN","Sap_Dens_Total",0.0925598396415517,0.0601344181110718,0.127343473646975
"HAFE","NCRN","Sap_Dens_Total",0.0943284989977597,0.0507015682112959,0.144455252918288
"MANA","NCRN","Sap_Dens_Total",0.056874536160414,0.0277436761758117,0.0998772342329221
"MONO","NCRN","Sap_Dens_Total",0.110049915497387,0.0227960539244586,0.257850882364502
"NACE","NCRN","Sap_Dens_Total",0.101452265849153,0.0756593169044531,0.127988297370593
"PRWI","NCRN","Sap_Dens_Total",0.121163330609191,0.104899796299233,0.137186977788078
"ROCR","NCRN","Sap_Dens_Total",0.0868815122347787,0.0539906540316125,0.125357610510181
"WOTR","NCRN","Sap_Dens_Total",0.0530597806862399,0.0314428329992532,0.0825374366230399
"ACAD","NETN","Sap_Dens_Total",0.209734577276343,0.179295189363805,0.243658241122442
"MABI","NETN","Sap_Dens_Total",0.134800671793512,0.103862812693362,0.174577919207991
"MIMA","NETN","Sap_Dens_Total",0.102094935030496,0.084858127817555,0.125961283479183
"MORR","NETN","Sap_Dens_Total",0.0994431185361973,0.0795544948289578,0.136379133992499
"ROVA","NETN","Sap_Dens_Total",0.100106072659772,0.0914876690533016,0.110729912490056
"SAGA","NETN","Sap_Dens_Total",0.13385359447412,0.106072659771944,0.171736687249814
"SARA","NETN","Sap_Dens_Total",0.111044815698754,0.0861840360647043,0.150822063113233
"WEFA","NETN","Sap_Dens_Total",0.0822063113232564,0.0795544948289578,0.0875099443118537
"ALPO","ERMN","Seed_Dens_Total",0.55236132205106,0.385093476531424,0.758502386634846
"BLUE","ERMN","Seed_Dens_Total",1.87649164677804,1.17188743038982,2.68804693715195
"DEWA","ERMN","Seed_Dens_Total",1.15950676213206,0.868583273987935,1.51350613037578
"FONE","ERMN","Seed_Dens_Total",2.33691328560064,1.58407915672235,3.0948438743039
"FRHI","ERMN","Seed_Dens_Total",1.26988862370724,0.654186555290374,2.04171638822593
"GARI","ERMN","Seed_Dens_Total",0.942815471455089,0.654419965799496,1.24053500838274
"JOFL","ERMN","Seed_Dens_Total",1.51485017236807,0.691088239193848,2.7694908512331
"NERI","ERMN","Seed_Dens_Total",1.26975213315239,0.959713837802424,1.63830100457048
"APCO","MIDN","Seed_Dens_Total",1.25892857142857,0.758779761904762,1.86912202380952
"BOWA","MIDN","Seed_Dens_Total",3.28125,1.81197916666667,4.76067708333334
"COLO","NCBN","Seed_Dens_Total",1.36524822695035,0.848922318262411,2.10682624113475
"FRSP","MIDN","Seed_Dens_Total",0.957532051282052,0.713922275641026,1.21961137820513
"GETT","MIDN","Seed_Dens_Total",2.53787878787879,1.87847222222222,3.31818181818182
"GEWA","NCBN","Seed_Dens_Total",0.458333333333334,0.26015625,0.666666666666667
"HOFU","MIDN","Seed_Dens_Total",1.578125,0.671614583333334,2.885546875
"PETE","MIDN","Seed_Dens_Total",0.806089743589744,0.40380608974359,1.39911858974359
"RICH","MIDN","Seed_Dens_Total",0.5625,0.341080729166666,0.820312499999999
"SAHI","NCBN","Seed_Dens_Total",0.458333333333333,0.0833333333333335,0.833333333333333
"THST","NCBN","Seed_Dens_Total",0.260416666666667,0.135416666666667,0.40625
"VAFO","MIDN","Seed_Dens_Total",0.589285714285715,0.330282738095238,0.863169642857143
"ANTI","NCRN","Seed_Dens_Total",1.30769230769231,0.711538461538461,2.03205128205128
"CATO","NCRN","Seed_Dens_Total",0.753472222222222,0.404712301587301,1.16505190617914
"CHOH","NCRN","Seed_Dens_Total",0.588963963963964,0.469989864864865,0.727791095890411
"GWMP","NCRN","Seed_Dens_Total",0.795833333333334,0.404166666666667,1.33354166666667
"HAFE","NCRN","Seed_Dens_Total",0.666666666666667,0.433333333333333,0.925104166666667
"MANA","NCRN","Seed_Dens_Total",0.794117647058823,0.303921568627451,1.44117647058823
"MONO","NCRN","Seed_Dens_Total",0.444444444444444,0.2,0.744444444444444
"NACE","NCRN","Seed_Dens_Total",0.606382978723404,0.383255208333333,0.894140625
"PRWI","NCRN","Seed_Dens_Total",0.463793103448276,0.34882183908046,0.591997126436782
"ROCR","NCRN","Seed_Dens_Total",0.596491228070176,0.17094298245614,1.19736842105263
"WOTR","NCRN","Seed_Dens_Total",2.25,0.75,4.05555555555556
"ACAD","NETN","Seed_Dens_Total",0.512584074636581,0.411167160868832,0.65154829922133
"MABI","NETN","Seed_Dens_Total",0.997745955979846,0.62646402368956,1.39250751348007
"MIMA","NETN","Seed_Dens_Total",0.343410236011668,0.20684168655529,0.502651816494298
"MORR","NETN","Seed_Dens_Total",0.55877561844149,0.280263855741183,0.882936507936508
"ROVA","NETN","Seed_Dens_Total",0.623839830283744,0.393082073720499,0.87579554494829
"SAGA","NETN","Seed_Dens_Total",0.218459168339837,0.109829399805533,0.334633986185299
"SARA","NETN","Seed_Dens_Total",1.05824051975603,0.710976862901087,1.54555323521612
"WEFA","NETN","Seed_Dens_Total",0.485282418456643,0.198886237072395,0.806351100503845
"ALPO","ERMN","Sap_Dens_NatCan",0.0117523685542779,0.00452014175164534,0.0216966804078976
"BLUE","ERMN","Sap_Dens_NatCan",0.0397772474144789,0.0283412887828162,0.0522076372315036
"DEWA","ERMN","Sap_Dens_NatCan",0.0544948289578361,0.0382061288631554,0.0731308711618974
"FONE","ERMN","Sap_Dens_NatCan",0.0328162291169451,0.0139220365950676,0.0536992840095465
"FRHI","ERMN","Sap_Dens_NatCan",0.0228719172633254,0.00994431185361974,0.037788385043755
"GARI","ERMN","Sap_Dens_NatCan",0.0781338788498693,0.0541122537709095,0.105471375799399
"JOFL","ERMN","Sap_Dens_NatCan",0.0381198621055423,0.0182312383983028,0.0596658711217184
"NERI","ERMN","Sap_Dens_NatCan",0.0670753583851998,0.0565460870107789,0.0809242750401672
"APCO","MIDN","Sap_Dens_NatCan",0.127596139269291,0.0871591119645595,0.17057035053144
"BOWA","MIDN","Sap_Dens_NatCan",0.0795896710293598,0.0442164839051999,0.11496285815352
"COLO","NCBN","Sap_Dens_NatCan",0.0353731871241599,0.0191237360921002,0.055520694568836
"FRSP","MIDN","Sap_Dens_NatCan",0.0639438382629044,0.0531703218960028,0.0755109838281045
"GETT","MIDN","Sap_Dens_NatCan",0.0643148856802907,0.035730492044606,0.0993397005070157
"GEWA","NCBN","Sap_Dens_NatCan",0.01179106237472,0,0.0324254215304799
"HOFU","MIDN","Sap_Dens_NatCan",0.01547576936682,0.00515858978893999,0.0280037731399599
"PETE","MIDN","Sap_Dens_NatCan",0.0877527142118582,0.0693858670512368,0.107939239748578
"RICH","MIDN","Sap_Dens_NatCan",0.0711148449475297,0.0442164839051999,0.10060171265181
"SAHI","NCBN","Sap_Dens_NatCan",0.0206343591557599,0.00589553118736,0.0353731871241599
"THST","NCBN","Sap_Dens_NatCan",0.0280037731399599,0.01326494517156,0.0442533309751208
"VAFO","MIDN","Sap_Dens_NatCan",0.0202132497852342,0.0130543904862971,0.0282143278252228
"ANTI","NCRN","Sap_Dens_NatCan",0.0371871967202706,0.0217681151533292,0.0535132830852675
"CATO","NCRN","Sap_Dens_NatCan",0.0122723302267493,0.00818155348449957,0.0168443748210285
"CHOH","NCRN","Sap_Dens_NatCan",0.0234249105844437,0.0157214164996266,0.0336477616633259
"GWMP","NCRN","Sap_Dens_NatCan",0.0359627402428959,0.02063435915576,0.0518806744487679
"HAFE","NCRN","Sap_Dens_NatCan",0.0247612309869119,0.013559721730928,0.0377313995991039
"MANA","NCRN","Sap_Dens_NatCan",0.0374539628373458,0.0090166947571388,0.0846182123362256
"MONO","NCRN","Sap_Dens_NatCan",0.0903981448728533,0.01179106237472,0.233463035019456
"NACE","NCRN","Sap_Dens_NatCan",0.0464273081004598,0.0287407145383799,0.0702550799827064
"PRWI","NCRN","Sap_Dens_NatCan",0.0940032283115606,0.0799291723080802,0.109701604804248
"ROCR","NCRN","Sap_Dens_NatCan",0.0664022986365808,0.0397017481801426,0.097446924704758
"WOTR","NCRN","Sap_Dens_NatCan",0.0393035412490665,0.0275124788743466,0.0530597806862398
"ACAD","NETN","Sap_Dens_NatCan",0.173573443263181,0.142075588823799,0.214446825052434
"MABI","NETN","Sap_Dens_NatCan",0.0563511005038451,0.0298329355608592,0.0884215062317686
"MIMA","NETN","Sap_Dens_NatCan",0.039777247414479,0.013259082471493,0.0702731370989129
"MORR","NETN","Sap_Dens_NatCan",0.0265181649429859,0.00284123195817706,0.0681895669962496
"ROVA","NETN","Sap_Dens_NatCan",0.037788385043755,0.026518164942986,0.0517104216388226
"SAGA","NETN","Sap_Dens_NatCan",0.0871311133840967,0.0492164513644227,0.13006528519655
"SARA","NETN","Sap_Dens_NatCan",0.0314903208697958,0.00580084858127818,0.0729456709095731
"WEFA","NETN","Sap_Dens_NatCan",0.0212145319543887,0.0106072659771944,0.0344736144258817
"ALPO","ERMN","Seed_Dens_NatCan",0.257648079843784,0.150023504737108,0.391466876401244
"BLUE","ERMN","Seed_Dens_NatCan",0.506165473349244,0.326670644391408,0.724132358790771
"DEWA","ERMN","Seed_Dens_NatCan",0.901949085123309,0.616231554276444,1.19453275788761
"FONE","ERMN","Seed_Dens_NatCan",1.09785202863962,0.64225338106603,1.61709427207637
"FRHI","ERMN","Seed_Dens_NatCan",0.44848846459825,0.280429594272076,0.635491249005569
"GARI","ERMN","Seed_Dens_NatCan",0.592870401939614,0.390469919782175,0.819147822030516
"JOFL","ERMN","Seed_Dens_NatCan",0.318217979315831,0.215418655529037,0.464067886502254
"NERI","ERMN","Seed_Dens_NatCan",0.748553200118552,0.482762217854524,1.10794258037344
"APCO","MIDN","Seed_Dens_NatCan",0.654761904761905,0.386904761904762,1.02083333333333
"BOWA","MIDN","Seed_Dens_NatCan",1.83333333333333,0.687500000000001,3.34557291666667
"COLO","NCBN","Seed_Dens_NatCan",0.421985815602837,0.168439716312057,0.7322695035461
"FRSP","MIDN","Seed_Dens_NatCan",0.705128205128205,0.485556891025641,0.965625
"GETT","MIDN","Seed_Dens_NatCan",0.921717171717171,0.606060606060606,1.32828282828283
"GEWA","NCBN","Seed_Dens_NatCan",0.3125,0.15625,0.469010416666667
"HOFU","MIDN","Seed_Dens_NatCan",1.15104166666667,0.40625,2.32825520833333
"PETE","MIDN","Seed_Dens_NatCan",0.753205128205128,0.369991987179487,1.37684294871795
"RICH","MIDN","Seed_Dens_NatCan",0.416666666666667,0.208072916666667,0.695377604166667
"SAHI","NCBN","Seed_Dens_NatCan",0.25,0,0.5
"THST","NCBN","Seed_Dens_NatCan",0.0937500000000001,0.0208333333333333,0.197916666666667
"VAFO","MIDN","Seed_Dens_NatCan",0.264880952380952,0.163690476190476,0.384002976190476
"ANTI","NCRN","Seed_Dens_NatCan",0.698717948717949,0.27548076923077,1.23076923076923
"CATO","NCRN","Seed_Dens_NatCan",0.166666666666667,0.0989583333333334,0.24295755536257
"CHOH","NCRN","Seed_Dens_NatCan",0.163288288288288,0.108108108108108,0.234490867579909
"GWMP","NCRN","Seed_Dens_NatCan",0.191666666666667,0.0166666666666667,0.491666666666667
"HAFE","NCRN","Seed_Dens_NatCan",0.0458333333333333,0.0123958333333333,0.1
"MANA","NCRN","Seed_Dens_NatCan",0.303921568627451,0.127450980392157,0.485294117647059
"MONO","NCRN","Seed_Dens_NatCan",0.311111111111111,0.122222222222222,0.527916666666667
"NACE","NCRN","Seed_Dens_NatCan",0.413120567375887,0.204689909034844,0.699652777777778
"PRWI","NCRN","Seed_Dens_NatCan",0.292528735632184,0.203994252873563,0.393692528735632
"ROCR","NCRN","Seed_Dens_NatCan",0.513157894736842,0.118421052631579,1.12313596491228
"WOTR","NCRN","Seed_Dens_NatCan",1.61111111111111,0.194444444444445,3.29236111111111
"ACAD","NETN","Seed_Dens_NatCan",0.449754104288711,0.342144596321207,0.575421578554037
"MABI","NETN","Seed_Dens_NatCan",0.507159904534606,0.236453637408291,0.850791125254131
"MIMA","NETN","Seed_Dens_NatCan",0.247944842216919,0.145849907186423,0.380568814638028
"MORR","NETN","Seed_Dens_NatCan",0.252869644277759,0.096507178846081,0.476427245520324
"ROVA","NETN","Seed_Dens_NatCan",0.333465924158048,0.223398965791567,0.476001060726597
"SAGA","NETN","Seed_Dens_NatCan",0.154057910621156,0.0934449621800458,0.226035786894975
"SARA","NETN","Seed_Dens_NatCan",0.282584195173694,0.171497944842217,0.39632226199947
"WEFA","NETN","Seed_Dens_NatCan",0.267833465924158,0.116613630336781,0.456112437019358
"ALPO","ERMN","Sor_sap",0.144349337531156,0.0782172373081464,0.21800062311426
"BLUE","ERMN","Sor_sap",0.188426850926851,0.133753121878122,0.241241515429016
"DEWA","ERMN","Sor_sap",0.198688233335292,0.157634460574909,0.237787357433222
"FONE","ERMN","Sor_sap",0.0965909090909091,0.0315681818181818,0.169090909090909
"FRHI","ERMN","Sor_sap",0.138809523809524,0.0709345238095238,0.204657738095238
"GARI","ERMN","Sor_sap",0.276980049984252,0.212645653385222,0.337729735542236
"JOFL","ERMN","Sor_sap",0.278775853775854,0.183057359307359,0.380440867003367
"NERI","ERMN","Sor_sap",0.265802650104235,0.233026306277934,0.295950613031518
"APCO","MIDN","Sor_sap",0.403851126580368,0.330378192438169,0.474354169621741
"BOWA","MIDN","Sor_sap",0.486600525377615,0.365906100478469,0.608427561215874
"COLO","NCBN","Sor_sap",0.319053759479291,0.268416350029801,0.371425367481753
"FRSP","MIDN","Sor_sap",0.349298724779494,0.318439638619927,0.381658583136949
"GETT","MIDN","Sor_sap",0.274357040266131,0.213502673673128,0.334885358748995
"GEWA","NCBN","Sor_sap",0.295039682539682,0.190873015873016,0.379771825396825
"HOFU","MIDN","Sor_sap",0.173065476190476,0.0499776785714286,0.326357886904762
"PETE","MIDN","Sor_sap",0.430095972403665,0.382553522866023,0.476143287801942
"RICH","MIDN","Sor_sap",0.387017496392496,0.311362899253524,0.460251961580087
"SAHI","NCBN","Sor_sap",0.245039682539683,0.0714285714285715,0.395833333333333
"THST","NCBN","Sor_sap",0.363320707070707,0.232954545454545,0.499084595959596
"VAFO","MIDN","Sor_sap",0.288463718820862,0.201356292517007,0.382124433106576
"ANTI","NCRN","Sor_sap",0.284493284493284,0.175051892551893,0.394893162393162
"CATO","NCRN","Sor_sap",0.164037209955577,0.117711811997526,0.213933034086095
"CHOH","NCRN","Sor_sap",0.271785247432306,0.221585486517839,0.325760873440285
"GWMP","NCRN","Sor_sap",0.291267066267066,0.196750291375291,0.374478646353646
"HAFE","NCRN","Sor_sap",0.203993228993229,0.125271367521367,0.294473235098235
"MANA","NCRN","Sor_sap",0.250177926648515,0.139126274052745,0.374185903965316
"MONO","NCRN","Sor_sap",0.251024531024531,0.137777777777778,0.370658008658009
"NACE","NCRN","Sor_sap",0.306125471750472,0.251999863562363,0.357449006433381
"PRWI","NCRN","Sor_sap",0.383252711903828,0.356535104235409,0.410299828495822
"ROCR","NCRN","Sor_sap",0.30280479754164,0.21242837571785,0.390129490392648
"WOTR","NCRN","Sor_sap",0.390079365079365,0.303571428571428,0.479365079365079
"ACAD","NETN","Sor_sap",0.428467712842713,0.38983529491342,0.466372091450216
"MABI","NETN","Sor_sap",0.212962962962963,0.124072420634921,0.307617394179894
"MIMA","NETN","Sor_sap",0.204285714285714,0.102601190476191,0.305952380952381
"MORR","NETN","Sor_sap",0.0734977324263039,0.0244579081632653,0.127598497732426
"ROVA","NETN","Sor_sap",0.2584613997114,0.1979880501443,0.324868912337662
"SAGA","NETN","Sor_sap",0.28718820861678,0.200272108843537,0.388105631141345
"SARA","NETN","Sor_sap",0.135763888888889,0.0677083333333333,0.211822916666667
"WEFA","NETN","Sor_sap",0.119047619047619,0.0285714285714286,0.20952380952381
"ALPO","ERMN","Hor_sap",0.565050024776412,0.389520628270679,0.745170313675643
"BLUE","ERMN","Hor_sap",0.575017412486422,0.46249588514224,0.685296515707422
"DEWA","ERMN","Hor_sap",0.353395029177628,0.287153764695191,0.422228989313855
"FONE","ERMN","Hor_sap",0.561683956533745,0.36026206664716,0.743219441137167
"FRHI","ERMN","Hor_sap",0.368861658030468,0.204539348615102,0.548387532415226
"GARI","ERMN","Hor_sap",0.517710009831722,0.419275130532951,0.614340715807473
"JOFL","ERMN","Hor_sap",0.459246810263358,0.278890175404606,0.654536576150532
"NERI","ERMN","Hor_sap",0.581076189728407,0.520278159633265,0.637988001342607
"APCO","MIDN","Hor_sap",0.661349863825356,0.55909317841863,0.759089025372435
"BOWA","MIDN","Hor_sap",0.589652153451746,0.429508736665543,0.75229919890326
"COLO","NCBN","Hor_sap",0.526170285566829,0.444903869692858,0.606478987933497
"FRSP","MIDN","Hor_sap",0.680288949135934,0.626776902508865,0.732950864305183
"GETT","MIDN","Hor_sap",0.676235117862217,0.551908014800162,0.781910311242614
"GEWA","NCBN","Hor_sap",0.541418259560019,0.292711733125053,0.794085289396077
"HOFU","MIDN","Hor_sap",0.401817600912836,0.185919616368856,0.616341971606987
"PETE","MIDN","Hor_sap",0.624561995543017,0.562016474841499,0.692287321258614
"RICH","MIDN","Hor_sap",0.657523800466382,0.571207132904335,0.740624576351886
"SAHI","NCBN","Hor_sap",0.662842558733164,0.37424788008033,0.914012738853503
"THST","NCBN","Hor_sap",0.640351316902732,0.440458502813328,0.825688110515421
"VAFO","MIDN","Hor_sap",0.476351587360493,0.354293507153187,0.602044445660697
"ANTI","NCRN","Hor_sap",0.576282488692645,0.367270322634355,0.77045255121685
"CATO","NCRN","Hor_sap",0.408810202953272,0.299140029136659,0.510567427937142
"CHOH","NCRN","Hor_sap",0.596595562634183,0.507933260981675,0.678836323768297
"GWMP","NCRN","Hor_sap",0.548878504404458,0.393630907522636,0.71269034716681
"HAFE","NCRN","Hor_sap",0.7034659794879,0.560304648967935,0.825236772472331
"MANA","NCRN","Hor_sap",0.609127685332685,0.435451553277068,0.778946179397923
"MONO","NCRN","Hor_sap",0.408642385080454,0.214495040443119,0.609201174185906
"NACE","NCRN","Hor_sap",0.618413651156273,0.535329218408475,0.697427457671109
"PRWI","NCRN","Hor_sap",0.542439580423879,0.496537606586286,0.587381458043351
"ROCR","NCRN","Hor_sap",0.61721093187961,0.491651673572561,0.730731330907557
"WOTR","NCRN","Hor_sap",0.560643929489667,0.383174561592695,0.749734320224787
"ACAD","NETN","Hor_sap",0.366589440878538,0.315952054148401,0.418519691048386
"MABI","NETN","Hor_sap",0.472598020982737,0.299706109759507,0.640467237786853
"MIMA","NETN","Hor_sap",0.373002920841679,0.20579870366511,0.564204430092767
"MORR","NETN","Hor_sap",0.124840698409824,0.034774964483911,0.229512105617909
"ROVA","NETN","Hor_sap",0.320874073774959,0.220524243934287,0.423824627194995
"SAGA","NETN","Hor_sap",0.530116017582838,0.367989086718971,0.671526328551259
"SARA","NETN","Hor_sap",0.511437748258928,0.351608736393656,0.658379729179317
"WEFA","NETN","Hor_sap",0.449162092704142,0.190530560271647,0.721050887271205
"ALPO","ERMN","Sor_seed",0.260477527522982,0.202469083946357,0.327996482683983
"BLUE","ERMN","Sor_seed",0.302576409956187,0.245906633284198,0.356189064355859
"DEWA","ERMN","Sor_seed",0.379401414771047,0.332486042369653,0.426546895991865
"FONE","ERMN","Sor_seed",0.356878958076966,0.28300703557895,0.432620196299864
"FRHI","ERMN","Sor_seed",0.315822372072372,0.227098803973804,0.407066742285492
"GARI","ERMN","Sor_seed",0.358420528728828,0.299496635678719,0.425240966233972
"JOFL","ERMN","Sor_seed",0.337378307966543,0.236509209744504,0.436889825860414
"NERI","ERMN","Sor_seed",0.430904423362151,0.39810460650967,0.464370723835247
"APCO","MIDN","Sor_seed",0.199880663220999,0.14125139712062,0.258935880733412
"BOWA","MIDN","Sor_seed",0.254043810506659,0.156301783871443,0.353641134085213
"COLO","NCBN","Sor_seed",0.219804427251236,0.167262656325156,0.276199142041533
"FRSP","MIDN","Sor_seed",0.246687836421999,0.21295287550873,0.285780351577156
"GETT","MIDN","Sor_seed",0.190269662996936,0.146322528481619,0.23798883565929
"GEWA","NCBN","Sor_seed",0.196527777777778,0.0839583333333333,0.315277777777778
"HOFU","MIDN","Sor_seed",0.303933566433566,0.191528263403263,0.418327505827506
"PETE","MIDN","Sor_seed",0.250750531519762,0.196967786487017,0.298800942647097
"RICH","MIDN","Sor_seed",0.234799228549228,0.161144870754246,0.310362979034854
"SAHI","NCBN","Sor_seed",0.145833333333333,0,0.291666666666667
"THST","NCBN","Sor_seed",0.143055555555555,0.0277777777777777,0.268125
"VAFO","MIDN","Sor_seed",0.175161346589918,0.111449121315193,0.248064822082679
"ANTI","NCRN","Sor_seed",0.35959382497844,0.223153513153513,0.491159150678381
"CATO","NCRN","Sor_seed",0.192373945498946,0.143638410908819,0.242328103798129
"CHOH","NCRN","Sor_seed",0.236018486018486,0.180166091416091,0.294570389808061
"GWMP","NCRN","Sor_seed",0.136268037518038,0.0602113997113997,0.218405528499278
"HAFE","NCRN","Sor_seed",0.143092740592741,0.0708531746031746,0.224934905372405
"MANA","NCRN","Sor_seed",0.115948963317384,0.0358324733402133,0.221087109484942
"MONO","NCRN","Sor_seed",0.226009393656452,0.129121855813032,0.31321361372832
"NACE","NCRN","Sor_seed",0.24979624394518,0.196785815650399,0.305472069301856
"PRWI","NCRN","Sor_seed",0.192670201108335,0.163433092487859,0.222214618658331
"ROCR","NCRN","Sor_seed",0.19668460194776,0.12165743613112,0.282027694527695
"WOTR","NCRN","Sor_seed",0.418290043290043,0.208333333333333,0.578643578643579
"ACAD","NETN","Sor_seed",0.398170831693559,0.35964618793454,0.434062397514102
"MABI","NETN","Sor_seed",0.327472643097643,0.228264151936027,0.430714436026936
"MIMA","NETN","Sor_seed",0.2622446997447,0.169610299422799,0.365568154068154
"MORR","NETN","Sor_seed",0.25777417027417,0.162009379509379,0.345982593795094
"ROVA","NETN","Sor_seed",0.337499298946667,0.28753742730223,0.385978934077618
"SAGA","NETN","Sor_seed",0.224780114065828,0.152150115096544,0.297111420325706
"SARA","NETN","Sor_seed",0.306474428349428,0.242926114683927,0.369149695790321
"WEFA","NETN","Sor_seed",0.315850815850816,0.186330613830614,0.431734654234654
"ALPO","ERMN","Hor_seed",0.784049062553866,0.683928019899057,0.871583347860462
"BLUE","ERMN","Hor_seed",0.818099813131066,0.740675009337443,0.881018572125295
"DEWA","ERMN","Hor_seed",0.620265824748035,0.556839422516426,0.685123825159744
"FONE","ERMN","Hor_seed",0.71853166299281,0.587627748111084,0.830669759343706
"FRHI","ERMN","Hor_seed",0.713910461778662,0.571781010854372,0.854024669195951
"GARI","ERMN","Hor_seed",0.620781787030265,0.523923319264486,0.716552530555243
"JOFL","ERMN","Hor_seed",0.83537555546388,0.74753097204868,0.920264453392784
"NERI","ERMN","Hor_seed",0.703558918895992,0.658473491497582,0.742788464897745
"APCO","MIDN","Hor_seed",0.779636559074217,0.681895140000287,0.867784150399956
"BOWA","MIDN","Hor_seed",0.801264062782827,0.651106254971999,0.925244961406643
"COLO","NCBN","Hor_seed",0.660853492132221,0.566054034036492,0.756994367625493
"FRSP","MIDN","Hor_seed",0.672629380733862,0.605822910042605,0.735399946182567
"GETT","MIDN","Hor_seed",0.807141217525685,0.726471644026695,0.875395243023333
"GEWA","NCBN","Hor_seed",0.613913624474029,0.293551463990053,0.86473261966942
"HOFU","MIDN","Hor_seed",0.566496826766,0.378163460732693,0.745488822378041
"PETE","MIDN","Hor_seed",0.617913235659726,0.518489035372607,0.704976879800896
"RICH","MIDN","Hor_seed",0.589773452405141,0.455136251681961,0.694263805085073
"SAHI","NCBN","Hor_seed",0.61037255716141,0.188891906572515,0.938891906572515
"THST","NCBN","Hor_seed",0.661256238116764,0.383911202471665,0.896557292682406
"VAFO","MIDN","Hor_seed",0.674097452971177,0.538458294681947,0.802795905658607
"ANTI","NCRN","Hor_seed",0.64434655742068,0.48669086010435,0.788443510837639
"CATO","NCRN","Hor_seed",0.642760845982503,0.5359476905346,0.746338399174492
"CHOH","NCRN","Hor_seed",0.672794968380623,0.57608166818295,0.760690365117348
"GWMP","NCRN","Hor_seed",0.556445497204797,0.373584875134156,0.745948413122674
"HAFE","NCRN","Hor_seed",0.794317520303619,0.643558354129854,0.916668330480281
"MANA","NCRN","Hor_seed",0.732001767614656,0.524150650529455,0.90707178740973
"MONO","NCRN","Hor_seed",0.572010029223847,0.378267423228954,0.753463518245571
"NACE","NCRN","Hor_seed",0.652402981973065,0.554482077804628,0.748871881884562
"PRWI","NCRN","Hor_seed",0.575797004057304,0.508687953402463,0.636434745366687
"ROCR","NCRN","Hor_seed",0.627546736674234,0.461687088379891,0.787253304256712
"WOTR","NCRN","Hor_seed",0.611695151146921,0.289391005333521,0.914413678977907
"ACAD","NETN","Hor_seed",0.440216968436647,0.387571054136757,0.491412540997409
"MABI","NETN","Hor_seed",0.676148391412535,0.534063380113632,0.79889858524751
"MIMA","NETN","Hor_seed",0.703269136890373,0.559686678913621,0.846955052333936
"MORR","NETN","Hor_seed",0.503263085182871,0.36848401387742,0.641627153714216
"ROVA","NETN","Hor_seed",0.626929150779183,0.531825039185274,0.723168193109434
"SAGA","NETN","Hor_seed",0.545778248796587,0.39611348646471,0.686108021234763
"SARA","NETN","Hor_seed",0.680659563063216,0.578602745989738,0.770567171229763
"WEFA","NETN","Hor_seed",0.817597960460483,0.704488721840878,0.918669279309262
